<?xml version="1.0" encoding="UTF-8"?>
<project-private xmlns="http://www.netbeans.org/ns/project-private/1">
    <open-files xmlns="http://www.netbeans.org/ns/projectui-open-files/2">
        <group>
            <file>file:/C:/Users/lab_services_student/Desktop/WorkoutRoutineTracker/src/IWorkout.java</file>
            <file>file:/C:/Users/lab_services_student/Desktop/WorkoutRoutineTracker/src/ProcessWorkout.java</file>
            <file>file:/C:/Users/lab_services_student/Desktop/WorkoutRoutineTracker/src/Workout.java</file>
            <file>file:/C:/Users/lab_services_student/Desktop/WorkoutRoutineTracker/src/WorkoutApplication.java</file>
        </group>
    </open-files>
</project-private>
